id,author,rating,title,body,received_at,source
1,Alice Morgan,5,Exceeded my expectations,I was genuinely surprised by how well this product holds up. The build quality is excellent and it arrived faster than expected. Really happy with this purchase.,2025-07-12,app_store
2,Ben Carter,1,Complete disaster,This is hands down the worst thing I have ever bought. It stopped working after two days and when I reached out to customer service they were completely unhelpful. I want a full refund.,2025-07-14,app_store
3,Clara Singh,4,Good overall,Solid product for the price. Delivery was on time and the packaging was neat. Only minor gripe is that the setup instructions could be clearer.,2025-07-18,website
4,David Lowe,2,Really disappointing,I had high hopes but the quality just is not there. The materials feel cheap and it broke within a week. Not what I expected at this price point.,2025-07-22,email
5,Emma Walsh,5,Absolutely love it,This is exactly what I was looking for. The design is sleek the performance is fast and it just works. Will definitely buy again.,2025-08-01,website
6,Frank Nguyen,1,Legal matter pending,I am considering taking legal action. The product caused damage and support refused to acknowledge responsibility. This is unacceptable.,2025-08-05,email
7,Grace Kim,3,Decent but nothing special,Does what it says on the tin. Nothing to complain about really but nothing that blew me away either. It gets the job done.,2025-08-10,app_store
8,Harry Patel,5,Best purchase this year,I cannot say enough good things. From the packaging to the performance every detail feels considered. Shipping was quick too.,2025-08-15,website
9,Isla Brown,2,Needs improvement,The features sound great on paper but in practice it crashes constantly. I have reported the bug twice and still no fix. Very frustrating.,2025-08-19,app_store
10,Jack Morris,4,Great value for money,For the price this is hard to beat. It does everything I need it to and the documentation was clear enough that I got up and running quickly.,2025-08-25,website
11,Karen Lee,1,Want to cancel my subscription,This service has been nothing but trouble. Charges appeared that I did not authorise and I cannot figure out how to cancel. Please sort this out.,2025-09-02,email
12,Liam Turner,5,Reliable and well designed,Six months in and not a single issue. The reliability alone makes it worth the price. Onboarding was smooth and support was responsive when I had a question.,2025-09-08,app_store
13,Mia Johnson,3,Returns process is painful,The product itself is fine but trying to return an item was a nightmare. Took three weeks and four emails to get a response. The returns policy needs work.,2025-09-14,website
14,Noah Evans,4,Fast delivery great packaging,Arrived the next day in perfect condition. The packaging was impressive — very secure. Product is performing well so far.,2025-09-20,website
15,Olivia Chen,2,Buggy and unreliable,I have been dealing with the same bug for a month. The app crashes every time I try to export data. Support sent me a canned response and nothing changed.,2025-09-26,app_store
16,Peter Adams,5,Fantastic from start to finish,The whole experience was great. Easy to set up incredibly reliable and the design looks premium. Customer service answered my question within an hour.,2025-10-03,website
17,Quinn Foster,1,Broken on arrival,The product arrived broken. Packaging was damaged and the item inside was cracked. I need a replacement immediately. This is not acceptable.,2025-10-08,email
18,Rachel Brooks,4,Happy with the purchase,Good product overall. Took a couple of hours to set up properly but once running it has been flawless. The performance is noticeably better than my previous one.,2025-10-14,website
19,Sam Kelly,3,Pricey for what it is,It works fine but I struggle to justify the price. There are cheaper alternatives that do the same job. That said the quality is there.,2025-10-20,app_store
20,Tara Mitchell,5,Highly recommend,I have recommended this to three friends already. Brilliant design outstanding performance and the onboarding experience was the easiest I have ever had.,2025-10-27,website
21,Umar Shah,2,Shipping took forever,Ordered three weeks ago and the package only just arrived. No updates during transit and the courier was unhelpful when I called. The product itself is okay.,2025-11-03,website
22,Vera Hughes,5,Just works,I am not someone who writes reviews often but this deserved one. It does exactly what it promises without any fuss. Reliable and well documented.,2025-11-09,app_store
23,Will Dixon,1,Terrible customer service,I have tried to reach support five times over two weeks and have not received a single useful response. Just automated replies. Completely useless service.,2025-11-15,email
24,Xena Park,4,Good features solid build,Really pleased with the features available. It feels well made and the value for money is solid. Only wish the documentation was a bit more detailed.,2025-11-21,website
25,Yusuf Ali,3,Mixed feelings,Some parts of the experience were excellent — especially the design and usability. Others left a lot to be desired. The bugs are the main issue right now.,2025-11-28,app_store
26,Zoe Chapman,5,Exceeded every expectation,I was skeptical at first but this product has completely won me over. Performance is stellar reliability is rock solid and it looks beautiful too.,2025-12-05,website
27,Aaron Reed,2,Poor quality control,My second unit had the same defect as the first. It seems like there is a consistent quality issue that needs to be addressed. Not impressed.,2025-12-11,email
28,Beth Collins,4,Simple effective well priced,Does exactly what I need without any unnecessary complexity. The pricing is fair and delivery was right on time.,2025-12-17,website
29,Chris Ward,1,Refund requested,I have been waiting for my refund for six weeks now. Multiple emails sent and no resolution. I am escalating this further.,2025-12-23,email
30,Diana Stone,5,The best in this category,I have tried four similar products and this beats all of them. The usability is exceptional and I have not hit a single bug in three months of daily use.,2026-01-04,app_store
31,Eve Turner,4,Really solid,Honestly impressed with the overall quality and how fast everything shipped. Minor setup confusion but resolved quickly.,2026-01-15,website
